2015-05-13 09:18:48.193 EDT,73
2015-05-13 09:10:47.266 EDT,72.8
2015-05-13 09:02:47.166 EDT,73
2015-05-13 08:46:45.112 EDT,72.9
2015-05-13 08:30:46.165 EDT,72.7
2015-05-13 08:22:43.042 EDT,73
2015-05-13 08:14:42.237 EDT,72.6
2015-05-13 08:06:42.162 EDT,72.9
2015-05-13 07:58:42.056 EDT,72.6
2015-05-13 07:42:42.164 EDT,72.7
2015-05-13 07:34:42.183 EDT,73.2
2015-05-13 07:26:41.960 EDT,72.8
2015-05-13 07:18:42.067 EDT,72.7
2015-05-13 07:10:42.167 EDT,72.8
2015-05-13 07:02:42.337 EDT,72.7
2015-05-13 06:38:42.131 EDT,72.8
2015-05-13 06:22:42.239 EDT,73.1
2015-05-13 06:14:42.042 EDT,72.8
2015-05-13 06:06:42.284 EDT,72.9
2015-05-13 05:42:42.175 EDT,73
2015-05-13 05:34:42.193 EDT,73.3
2015-05-13 05:26:42.114 EDT,73
2015-05-13 05:10:42.044 EDT,73.1
2015-05-13 05:02:42.227 EDT,73.3
2015-05-13 04:30:42.074 EDT,73.2
2015-05-13 04:22:42.221 EDT,73.3
2015-05-13 04:14:42.104 EDT,73.5
2015-05-13 04:06:42.171 EDT,73.2
2015-05-13 03:50:42.244 EDT,73.4
2015-05-13 03:26:42.097 EDT,73.3
2015-05-13 03:10:42.073 EDT,73.4
2015-05-13 03:02:45.538 EDT,73.3
2015-05-13 02:54:42.218 EDT,73.5
2015-05-13 02:38:42.236 EDT,73.3
2015-05-13 02:06:42.297 EDT,73.2
2015-05-13 01:58:42.460 EDT,73.1
2015-05-13 01:42:42.165 EDT,73.2
2015-05-13 01:34:42.143 EDT,72.8
2015-05-13 01:26:42.133 EDT,73
2015-05-13 01:18:42.294 EDT,72.7
2015-05-13 01:02:42.537 EDT,72.5
2015-05-13 00:54:42.252 EDT,72.4
2015-05-13 00:46:42.161 EDT,72
2015-05-13 00:38:42.177 EDT,71.9
2015-05-13 00:30:42.266 EDT,71.5
2015-05-13 00:22:43.406 EDT,71.2
2015-05-13 00:14:42.431 EDT,71.3
2015-05-13 00:06:42.367 EDT,71.4
2015-05-12 23:58:42.271 EDT,71.6
2015-05-12 23:50:42.481 EDT,71.7
2015-05-12 23:42:42.354 EDT,71.9
2015-05-12 23:34:42.433 EDT,72.1
2015-05-12 23:26:42.391 EDT,72.5
2015-05-12 23:18:42.248 EDT,72.6
2015-05-12 23:10:42.240 EDT,72.9
2015-05-12 23:02:42.332 EDT,73.2
2015-05-12 22:54:47.086 EDT,73.6
2015-05-12 22:38:42.435 EDT,73.9
2015-05-12 22:30:42.588 EDT,74.1
2015-05-12 22:22:42.466 EDT,74.4
2015-05-12 22:14:42.502 EDT,74.7
2015-05-12 22:06:42.437 EDT,74.9
2015-05-12 21:58:42.389 EDT,75.2
2015-05-12 21:50:42.346 EDT,75.5
2015-05-12 21:42:42.377 EDT,76.1
2015-05-12 21:34:42.239 EDT,76.2
2015-05-12 21:26:42.235 EDT,76.8
2015-05-12 21:18:42.375 EDT,77.1
2015-05-12 21:10:42.269 EDT,77.3
2015-05-12 21:02:42.408 EDT,77.6
2015-05-12 20:54:42.414 EDT,78
2015-05-12 20:46:43.481 EDT,78.7
2015-05-12 20:30:42.253 EDT,79.6
2015-05-12 20:22:42.348 EDT,79.8
2015-05-12 20:06:42.561 EDT,81.5
2015-05-12 19:58:42.401 EDT,81.3
2015-05-12 19:50:42.375 EDT,81.2
2015-05-12 19:34:42.539 EDT,81.4
2015-05-12 19:18:42.429 EDT,81.1
2015-05-12 19:10:42.671 EDT,81.4
2015-05-12 19:02:42.393 EDT,81
2015-05-12 18:54:42.997 EDT,81.2
2015-05-12 18:46:42.301 EDT,81
2015-05-12 18:38:42.731 EDT,80.7
2015-05-12 18:30:42.449 EDT,80.8
2015-05-12 18:22:42.513 EDT,80.4
2015-05-12 18:14:42.413 EDT,80.3
2015-05-12 18:06:42.405 EDT,80.4
2015-05-12 17:58:42.407 EDT,80.2
2015-05-12 17:50:42.414 EDT,79.9
2015-05-12 17:34:40.555 EDT,79.6
2015-05-12 17:26:40.572 EDT,79.3
2015-05-12 17:10:40.420 EDT,78.9
2015-05-12 17:02:40.463 EDT,78.6
2015-05-12 16:54:40.518 EDT,78
2015-05-12 16:46:40.415 EDT,77.6
2015-05-12 16:38:40.376 EDT,77.3
2015-05-12 16:30:40.333 EDT,76.6
2015-05-12 16:22:40.731 EDT,76.5
2015-05-12 16:14:40.304 EDT,76.4
2015-05-12 16:06:40.470 EDT,76.7
2015-05-12 15:50:40.422 EDT,76.6
2015-05-12 15:34:34.432 EDT,76.7
2015-05-12 15:26:34.450 EDT,77.5
2015-05-12 15:18:34.286 EDT,78.3
2015-05-12 15:10:34.437 EDT,79.1
2015-05-12 14:54:34.719 EDT,80.5
2015-05-12 14:38:35.522 EDT,80.3
2015-05-12 14:30:34.337 EDT,80.2
2015-05-12 14:14:28.898 EDT,79.9
2015-05-12 14:06:26.399 EDT,79.6
2015-05-12 13:58:26.369 EDT,79.3
2015-05-12 13:50:26.586 EDT,79.1
2015-05-12 13:42:26.613 EDT,78.9
2015-05-12 13:26:26.396 EDT,78.6
2015-05-12 13:18:26.365 EDT,78.5
2015-05-12 13:10:27.319 EDT,78.2
2015-05-12 13:02:26.749 EDT,78.1
2015-05-12 12:46:26.462 EDT,77.9
2015-05-12 12:38:26.509 EDT,77.4
2015-05-12 12:30:26.530 EDT,77.3
2015-05-12 12:22:26.558 EDT,77.5
2015-05-12 12:14:26.460 EDT,76.9
2015-05-12 12:06:26.511 EDT,77.2
2015-05-12 11:58:26.542 EDT,76.7
2015-05-12 11:50:26.412 EDT,76.6
2015-05-12 11:34:26.657 EDT,76.4
2015-05-12 11:26:26.561 EDT,76.2
2015-05-12 11:10:26.499 EDT,75.9
2015-05-12 11:02:26.587 EDT,75.5
2015-05-12 10:54:26.823 EDT,75.2
2015-05-12 10:46:26.466 EDT,75
2015-05-12 10:38:26.538 EDT,74.6
2015-05-12 10:30:26.410 EDT,74.5
2015-05-12 10:14:26.588 EDT,74.1
2015-05-12 10:06:26.678 EDT,73.9
2015-05-12 09:58:26.430 EDT,73.5
2015-05-12 09:50:26.486 EDT,73.6
2015-05-12 09:42:26.544 EDT,73.2
2015-05-12 09:34:26.543 EDT,73.1
2015-05-12 09:18:27.156 EDT,72.7
2015-05-12 08:54:26.582 EDT,72.6
2015-05-12 08:46:26.579 EDT,72.5
2015-05-12 08:38:26.577 EDT,72.7
2015-05-12 08:30:26.577 EDT,72.4
2015-05-12 08:22:26.694 EDT,72.6
2015-05-12 08:14:26.467 EDT,72.4
2015-05-12 08:06:26.590 EDT,72.6
2015-05-12 07:58:26.531 EDT,72.5
2015-05-12 07:50:26.625 EDT,72.2
2015-05-12 07:18:26.648 EDT,72.1
2015-05-12 07:10:26.504 EDT,72.2
2015-05-12 06:54:26.497 EDT,72.3
2015-05-12 06:46:26.559 EDT,72.5
2015-05-12 06:38:26.581 EDT,72.1
2015-05-12 06:30:26.545 EDT,72.2
2015-05-12 06:22:26.757 EDT,72.5
2015-05-12 06:14:26.523 EDT,72.4
2015-05-12 05:58:26.711 EDT,72.3
2015-05-12 05:50:26.707 EDT,72.5
2015-05-12 05:34:26.593 EDT,72.6
2015-05-12 05:26:26.647 EDT,72.4
2015-05-12 05:18:26.627 EDT,72.6
2015-05-12 04:54:26.626 EDT,72.5
2015-05-12 04:38:26.492 EDT,72.8
2015-05-12 04:30:26.682 EDT,72.9
2015-05-12 04:22:26.549 EDT,72.6
2015-05-12 04:14:26.492 EDT,72.7
2015-05-12 04:06:26.702 EDT,72.8
2015-05-12 03:58:26.513 EDT,72.6
2015-05-12 03:50:26.641 EDT,73
2015-05-12 03:02:26.692 EDT,72.8
2015-05-12 02:38:26.571 EDT,72.9
2015-05-12 02:30:26.813 EDT,73
2015-05-12 02:22:26.570 EDT,73.1
2015-05-12 02:14:26.738 EDT,73
2015-05-12 02:06:26.782 EDT,73.2
2015-05-12 01:58:26.703 EDT,73.4
2015-05-12 01:02:26.785 EDT,73.2
2015-05-12 00:38:26.756 EDT,73.3
2015-05-12 00:30:26.724 EDT,73.7
2015-05-12 00:14:26.751 EDT,73.5
2015-05-12 00:06:26.653 EDT,73.4
2015-05-11 23:58:26.612 EDT,73.5
2015-05-11 23:50:26.782 EDT,73.3
2015-05-11 23:34:26.842 EDT,73.5
2015-05-11 23:26:26.909 EDT,73.3
2015-05-11 23:18:26.801 EDT,73.2
2015-05-11 23:10:26.918 EDT,73.3
2015-05-11 22:54:26.791 EDT,73.2
2015-05-11 22:46:26.838 EDT,73
2015-05-11 22:38:26.859 EDT,72.8
2015-05-11 22:30:26.725 EDT,72.9
2015-05-11 22:22:26.876 EDT,72.7
2015-05-11 22:14:26.890 EDT,73
2015-05-11 21:58:26.689 EDT,72.8
2015-05-11 21:50:26.776 EDT,72.5
2015-05-11 21:34:26.935 EDT,72.1
2015-05-11 21:26:26.914 EDT,71.4
2015-05-11 21:18:26.877 EDT,70.9
2015-05-11 21:10:26.696 EDT,70.4
2015-05-11 21:02:26.952 EDT,71.5
2015-05-11 20:54:26.827 EDT,72.3
2015-05-11 20:46:26.869 EDT,73.1
2015-05-11 20:38:26.876 EDT,72.8
2015-05-11 20:30:26.924 EDT,72.5
2015-05-11 20:22:26.929 EDT,72.4
2015-05-11 20:14:26.872 EDT,71.2
2015-05-11 20:06:26.976 EDT,70.9
2015-05-11 19:58:26.888 EDT,71.5
2015-05-11 19:50:26.870 EDT,72.6
2015-05-11 19:42:26.856 EDT,73.4
2015-05-11 19:34:26.886 EDT,73.9
2015-05-11 19:26:26.943 EDT,73.5
2015-05-11 19:18:27.024 EDT,72.9
2015-05-11 19:10:26.876 EDT,72.8
2015-05-11 19:02:27.053 EDT,74.1
2015-05-11 18:54:26.889 EDT,75.2
2015-05-11 18:46:27.020 EDT,74.9
2015-05-11 18:22:26.973 EDT,74.6
2015-05-11 18:06:26.837 EDT,74.3
2015-05-11 17:42:26.900 EDT,73.5
2015-05-11 17:34:26.751 EDT,72.9
2015-05-11 17:26:25.727 EDT,72.5
2015-05-11 17:18:25.757 EDT,72
2015-05-11 17:10:25.990 EDT,71.4
2015-05-11 17:02:25.801 EDT,71.5
2015-05-11 16:54:25.934 EDT,72.6
2015-05-11 16:46:25.820 EDT,74.3
2015-05-11 16:30:24.499 EDT,75.5
2015-05-11 16:22:24.408 EDT,75.6
2015-05-11 16:14:24.388 EDT,75.8
2015-05-11 16:06:24.415 EDT,76.2
2015-05-11 15:58:22.469 EDT,76.3
2015-05-11 15:50:22.456 EDT,76.5
2015-05-11 15:42:28.710 EDT,76.6
2015-05-11 15:34:22.595 EDT,76.7
2015-05-11 15:26:22.408 EDT,76.9
2015-05-11 15:18:22.294 EDT,77.1
2015-05-11 15:02:22.403 EDT,77.4
2015-05-11 14:54:22.247 EDT,77.5
2015-05-11 14:46:22.543 EDT,77.3
2015-05-11 14:38:22.465 EDT,77.5
2015-05-11 14:38:22.356 EDT,77.5
2015-05-11 14:30:22.456 EDT,77.9
2015-05-11 14:14:22.425 EDT,77.4
2015-05-11 13:58:22.322 EDT,77.6
2015-05-11 13:50:22.604 EDT,77.9
2015-05-11 13:42:22.576 EDT,77.8
2015-05-11 13:34:22.482 EDT,77.6
2015-05-11 13:26:23.396 EDT,77.8
2015-05-11 13:18:22.957 EDT,77.7
2015-05-11 13:10:22.474 EDT,77.6
2015-05-11 13:02:22.592 EDT,77.5
2015-05-11 12:54:22.684 EDT,77.6
2015-05-11 12:46:22.883 EDT,77.3
2015-05-11 12:38:22.759 EDT,77.6
2015-05-11 12:30:22.589 EDT,77.5
2015-05-11 12:22:22.671 EDT,77.8
2015-05-11 12:06:18.998 EDT,77.4
2015-05-11 11:50:12.244 EDT,77.3
2015-05-11 11:42:05.046 EDT,77
2015-05-11 11:33:55.320 EDT,76.7
2015-05-11 11:25:50.035 EDT,76.1
2015-05-11 11:17:44.669 EDT,76.2
2015-05-11 11:09:31.107 EDT,76.1
2015-05-11 11:01:14.229 EDT,75.2
2015-05-11 10:53:01.959 EDT,74.6
2015-05-11 10:44:52.046 EDT,74.3
2015-05-11 10:36:43.633 EDT,74.2
2015-05-11 10:28:35.786 EDT,73.9
2015-05-11 10:16:19.907 EDT,73.2
2015-05-11 10:08:08.114 EDT,72.7
2015-05-11 10:00:06.548 EDT,72.6
2015-05-11 09:52:04.002 EDT,72.5
2015-05-11 09:44:02.065 EDT,72.3
2015-05-11 09:35:56.521 EDT,72.1
2015-05-11 09:27:50.407 EDT,72.3
2015-05-11 09:19:42.895 EDT,71.7
2015-05-11 09:11:37.504 EDT,71.4
2015-05-11 09:03:29.904 EDT,71.5
2015-05-11 08:55:26.609 EDT,71
2015-05-11 08:47:24.854 EDT,70.9
2015-05-11 08:39:22.428 EDT,70.7
2015-05-11 08:23:22.703 EDT,70.4
2015-05-11 08:15:22.671 EDT,70.5
2015-05-11 08:07:19.738 EDT,70.2
2015-05-11 07:51:12.718 EDT,70
2015-05-11 07:43:12.608 EDT,69.9
2015-05-11 07:27:12.984 EDT,70
2015-05-11 07:19:12.582 EDT,69.9
2015-05-11 07:11:12.439 EDT,69.8
2015-05-11 07:03:12.635 EDT,70
2015-05-11 06:55:12.733 EDT,69.8
2015-05-11 06:47:12.482 EDT,70.1
2015-05-11 06:39:12.587 EDT,69.8
2015-05-11 06:15:12.566 EDT,69.7
2015-05-11 06:15:12.564 EDT,69.7
2015-05-11 06:07:12.641 EDT,69.8
2015-05-11 05:59:12.533 EDT,69.7
2015-05-11 05:51:12.479 EDT,69.9
2015-05-11 05:35:12.735 EDT,69.7
2015-05-11 05:27:13.294 EDT,69.9
2015-05-11 05:19:12.630 EDT,69.6
2015-05-11 04:55:12.690 EDT,69.7
2015-05-11 04:47:12.602 EDT,69.9
2015-05-11 04:39:12.550 EDT,69.7
2015-05-11 04:31:12.907 EDT,69.6
2015-05-11 04:23:13.102 EDT,69.7
2015-05-11 04:15:13.010 EDT,69.6
2015-05-11 04:07:13.070 EDT,69.5
2015-05-11 03:43:13.038 EDT,69.4
2015-05-11 03:27:13.124 EDT,69.3
2015-05-11 03:19:13.116 EDT,69.2
2015-05-11 03:11:12.974 EDT,69.3
2015-05-11 02:55:13.161 EDT,69.2
2015-05-11 02:39:13.082 EDT,69.5
2015-05-11 02:31:13.202 EDT,69.6
2015-05-11 02:23:13.035 EDT,69.7
2015-05-11 02:15:13.513 EDT,69.9
2015-05-11 02:07:13.380 EDT,70
2015-05-11 01:59:13.143 EDT,70.2
2015-05-11 01:51:13.222 EDT,70.3
2015-05-11 01:43:12.735 EDT,70.7
2015-05-11 01:35:13.116 EDT,71
2015-05-11 01:27:12.903 EDT,70.8
2015-05-11 01:11:12.823 EDT,71.2
2015-05-11 01:03:12.631 EDT,71.3
2015-05-11 00:55:12.842 EDT,71.7
2015-05-11 00:47:12.938 EDT,71.6
2015-05-11 00:31:12.755 EDT,71.9
2015-05-11 00:23:13.259 EDT,72.1
2015-05-11 00:15:13.093 EDT,72.3
2015-05-11 00:07:12.700 EDT,72.5
2015-05-10 23:59:12.813 EDT,72.6
2015-05-10 23:51:13.426 EDT,72.8
2015-05-10 23:43:13.205 EDT,72.9
2015-05-10 23:35:13.146 EDT,73.2
2015-05-10 23:27:13.906 EDT,73.3
2015-05-10 23:19:12.949 EDT,73.5
2015-05-10 23:11:12.949 EDT,73.7
2015-05-10 23:03:13.157 EDT,74
2015-05-10 22:55:13.307 EDT,74.1
2015-05-10 22:47:13.200 EDT,74.3
2015-05-10 22:39:13.215 EDT,74.5
2015-05-10 22:31:13.272 EDT,74.8
2015-05-10 22:15:13.338 EDT,75.2
2015-05-10 21:59:12.883 EDT,75.5
2015-05-10 21:51:13.811 EDT,75.8
2015-05-10 21:43:13.233 EDT,76.1
2015-05-10 21:35:13.515 EDT,76.2
2015-05-10 21:27:13.298 EDT,76.4
2015-05-10 21:19:13.216 EDT,77
2015-05-10 21:11:13.272 EDT,76.9
2015-05-10 21:03:13.435 EDT,77.2
2015-05-10 20:55:14.001 EDT,77.4
2015-05-10 20:47:12.807 EDT,77.6
2015-05-10 20:39:13.113 EDT,77.9
2015-05-10 20:31:13.315 EDT,78.2
2015-05-10 20:23:12.781 EDT,78.4
2015-05-10 20:15:13.250 EDT,78.6
2015-05-10 19:59:12.783 EDT,79.1
2015-05-10 19:51:12.755 EDT,79.3
2015-05-10 19:43:12.817 EDT,79.5
2015-05-10 19:35:12.950 EDT,79.4
2015-05-10 19:19:12.838 EDT,79.7
2015-05-10 18:55:13.456 EDT,79.6
2015-05-10 18:55:13.451 EDT,79.6
2015-05-10 18:47:12.956 EDT,79.9
2015-05-10 18:39:12.832 EDT,80.1
2015-05-10 18:31:12.932 EDT,80.4
2015-05-10 18:23:12.803 EDT,80.6
2015-05-10 18:15:12.921 EDT,80.8
2015-05-10 18:07:12.838 EDT,81.4
2015-05-10 17:59:12.894 EDT,81.5
2015-05-10 17:51:12.916 EDT,81.6
2015-05-10 17:35:13.876 EDT,82.1
2015-05-10 17:27:13.472 EDT,82.4
2015-05-10 17:19:13.422 EDT,82.6
2015-05-10 17:03:13.565 EDT,83
2015-05-10 16:55:13.433 EDT,82.9
2015-05-10 16:47:13.201 EDT,82.8
2015-05-10 16:47:13.193 EDT,82.8
2015-05-10 16:31:13.228 EDT,83
2015-05-10 16:23:13.161 EDT,82.9
2015-05-10 16:23:12.870 EDT,82.9
2015-05-10 16:07:13.461 EDT,82.8
2015-05-10 15:59:13.433 EDT,82.6
2015-05-10 15:51:13.380 EDT,82.8
2015-05-10 15:43:13.615 EDT,82.5
2015-05-10 15:35:13.543 EDT,82.6
2015-05-10 15:27:13.568 EDT,82.3
2015-05-10 15:19:13.545 EDT,82.2
2015-05-10 15:11:13.312 EDT,82.1
2015-05-10 15:03:13.406 EDT,82
2015-05-10 14:55:13.700 EDT,81.9
2015-05-10 14:47:13.446 EDT,81.8
2015-05-10 14:39:13.406 EDT,81.7
2015-05-10 14:31:13.376 EDT,81.6
2015-05-10 14:15:13.012 EDT,81.5
2015-05-10 14:07:13.017 EDT,81.4
2015-05-10 13:51:13.330 EDT,81.2
2015-05-10 13:43:13.180 EDT,81.1
2015-05-10 13:35:13.155 EDT,80.9
2015-05-10 13:19:13.383 EDT,80.8
2015-05-10 13:11:13.939 EDT,80.7
2015-05-10 12:55:13.599 EDT,80.5
2015-05-10 12:47:13.432 EDT,80.4
2015-05-10 12:39:13.502 EDT,80.3
2015-05-10 12:31:13.422 EDT,79.9
2015-05-10 12:23:13.290 EDT,79.8
2015-05-10 12:15:13.548 EDT,79.7
2015-05-10 12:07:13.475 EDT,79.5
2015-05-10 11:59:13.650 EDT,79.4
2015-05-10 11:51:13.617 EDT,79.3
2015-05-10 11:43:13.635 EDT,78.9
2015-05-10 11:35:13.928 EDT,78.8
2015-05-10 11:27:13.514 EDT,78.4
2015-05-10 11:11:13.513 EDT,77.7
2015-05-10 10:55:13.600 EDT,77.3
2015-05-10 10:47:13.870 EDT,77.1
2015-05-10 10:39:13.578 EDT,77
2015-05-10 10:31:13.511 EDT,76.4
2015-05-10 10:23:13.778 EDT,76.1
2015-05-10 10:15:13.624 EDT,75.7
2015-05-10 10:07:13.859 EDT,75.4
2015-05-10 09:59:13.554 EDT,75.1
2015-05-10 09:43:31.244 EDT,75
2015-05-10 09:35:13.538 EDT,74.8
2015-05-10 09:27:13.594 EDT,74.5
2015-05-10 09:19:13.559 EDT,74.8
2015-05-10 09:11:10.629 EDT,74.3
2015-05-10 09:03:10.539 EDT,74.5
2015-05-10 08:55:10.537 EDT,74.3
2015-05-10 08:39:02.689 EDT,74.1
2015-05-10 08:31:03.463 EDT,74
2015-05-10 08:23:03.143 EDT,74.3
2015-05-10 08:15:02.379 EDT,74.2
2015-05-10 07:51:03.349 EDT,74.1
2015-05-10 07:43:02.517 EDT,74
2015-05-10 07:35:03.928 EDT,74.1
2015-05-10 07:27:02.573 EDT,74.3
2015-05-10 07:19:06.019 EDT,74.2
2015-05-10 06:39:03.191 EDT,74.8
2015-05-10 06:31:02.503 EDT,74.6
2015-05-10 06:23:02.689 EDT,74.7
2015-05-10 06:07:02.534 EDT,74.8
2015-05-10 05:59:02.772 EDT,75.1
2015-05-10 05:51:02.745 EDT,74.6
2015-05-10 05:35:02.616 EDT,74.7
2015-05-10 05:11:03.029 EDT,75
2015-05-10 05:03:03.051 EDT,74.9
2015-05-10 04:47:02.898 EDT,75.1
2015-05-10 04:39:02.941 EDT,74.9
2015-05-10 03:59:02.763 EDT,75.3
2015-05-10 03:35:02.879 EDT,75.2
2015-05-10 03:27:02.751 EDT,75.4
2015-05-10 03:19:02.652 EDT,75.2
2015-05-10 03:11:02.555 EDT,75.3
2015-05-10 03:03:02.557 EDT,75.6
2015-05-10 02:55:02.976 EDT,75.5
2015-05-10 02:47:02.906 EDT,75.3
2015-05-10 02:23:02.686 EDT,75.5
2015-05-10 02:15:02.952 EDT,75.7
2015-05-10 02:07:02.577 EDT,75.8
2015-05-10 01:51:02.690 EDT,75.7
2015-05-10 01:27:02.731 EDT,75.8
2015-05-10 01:19:02.711 EDT,75.9
2015-05-10 01:11:02.584 EDT,76.2
2015-05-10 01:03:02.704 EDT,76
2015-05-10 00:47:02.696 EDT,76.1
2015-05-10 00:39:02.685 EDT,76.2
2015-05-10 00:31:02.605 EDT,76.4
2015-05-10 00:23:02.817 EDT,76.2
2015-05-10 00:15:04.282 EDT,76.4
2015-05-10 00:07:02.825 EDT,76.3
2015-05-09 23:43:03.010 EDT,76.4
2015-05-09 23:35:02.972 EDT,76.7
2015-05-09 23:27:03.526 EDT,76.8
2015-05-09 23:19:02.876 EDT,76.5
2015-05-09 23:11:02.892 EDT,76.7
2015-05-09 22:47:02.663 EDT,76.8
2015-05-09 22:39:02.626 EDT,77
2015-05-09 22:31:03.088 EDT,77.3
2015-05-09 22:15:02.990 EDT,77.1
2015-05-09 22:07:02.647 EDT,77.4
2015-05-09 21:59:03.144 EDT,77.3
2015-05-09 21:51:03.885 EDT,77.5
2015-05-09 21:43:02.661 EDT,77.6
2015-05-09 21:35:03.158 EDT,77.9
2015-05-09 21:27:02.910 EDT,77.8
2015-05-09 21:11:02.989 EDT,78
2015-05-09 21:03:02.888 EDT,78.3
2015-05-09 20:47:02.730 EDT,78.2
2015-05-09 20:39:02.891 EDT,78.4
2015-05-09 20:31:02.942 EDT,78.5
2015-05-09 20:23:02.463 EDT,78.3
2015-05-09 19:58:58.410 EDT,78.5
2015-05-09 19:50:58.151 EDT,78.7
2015-05-09 19:42:58.592 EDT,79
2015-05-09 19:34:58.304 EDT,78.8
2015-05-09 19:26:58.315 EDT,79
2015-05-09 19:18:58.277 EDT,79.3
2015-05-09 19:10:57.497 EDT,79.4
2015-05-09 19:02:52.354 EDT,79.6
2015-05-09 18:54:48.332 EDT,79.4
2015-05-09 18:46:47.575 EDT,79.6
2015-05-09 18:30:45.664 EDT,79.7
2015-05-09 18:06:40.184 EDT,79.9
2015-05-09 17:58:39.577 EDT,80
2015-05-09 17:42:47.049 EDT,79.8
2015-05-09 17:26:37.870 EDT,79.7
2015-05-09 17:10:37.949 EDT,79.8
2015-05-09 17:02:37.990 EDT,79.7
2015-05-09 16:38:33.985 EDT,79.8
2015-05-09 16:22:29.079 EDT,79.5
2015-05-09 16:14:28.959 EDT,79.4
2015-05-09 16:06:28.891 EDT,79.6
2015-05-09 15:42:26.050 EDT,79.1
2015-05-09 15:34:25.938 EDT,78.8
2015-05-09 15:26:23.799 EDT,78.4
2015-05-09 15:18:21.910 EDT,78.3
2015-05-09 15:10:22.074 EDT,78.2
2015-05-09 14:54:21.953 EDT,77.9
2015-05-09 14:38:22.056 EDT,77.6
2015-05-09 14:30:23.122 EDT,77.5
2015-05-09 14:22:22.223 EDT,77.3
2015-05-09 14:14:21.756 EDT,77.1
2015-05-09 14:06:22.036 EDT,76.9
2015-05-09 13:58:21.855 EDT,76.8
2015-05-09 13:42:21.957 EDT,76.7
2015-05-09 13:34:22.096 EDT,76.5
2015-05-09 13:26:21.978 EDT,76.3
2015-05-09 13:18:22.020 EDT,76.1
2015-05-09 13:02:20.988 EDT,76
2015-05-09 12:54:19.945 EDT,76.1
2015-05-09 12:46:19.864 EDT,75.6
2015-05-09 12:38:22.081 EDT,75.5
2015-05-09 12:14:20.070 EDT,75.2
2015-05-09 12:06:20.030 EDT,74.9
2015-05-09 11:58:19.994 EDT,74.8
2015-05-09 11:50:17.978 EDT,74.4
2015-05-09 11:34:11.970 EDT,74.1
2015-05-09 11:26:11.001 EDT,73.9
2015-05-09 11:10:07.024 EDT,73.4
2015-05-09 11:02:07.024 EDT,73.1
2015-05-09 10:46:06.405 EDT,72.8
2015-05-09 10:30:07.310 EDT,72.6
2015-05-09 10:14:06.905 EDT,72.5
2015-05-09 10:06:07.124 EDT,72.3
2015-05-09 09:58:06.309 EDT,72.8
2015-05-09 09:42:05.052 EDT,72.2
2015-05-09 09:34:05.280 EDT,72.3
2015-05-09 09:18:04.639 EDT,72.3
2015-05-09 09:09:58.839 EDT,72.4
2015-05-09 08:53:51.878 EDT,71.9
2015-05-09 08:45:51.500 EDT,71.7
2015-05-09 08:37:51.468 EDT,71.9
2015-05-09 08:29:51.965 EDT,72.2
2015-05-09 08:21:52.009 EDT,72.1
2015-05-09 08:13:51.659 EDT,71.7
2015-05-09 08:05:52.047 EDT,71.8
2015-05-09 07:25:51.941 EDT,71.7
2015-05-09 07:17:51.889 EDT,71.9
2015-05-09 07:09:51.574 EDT,71.7
2015-05-09 07:01:51.487 EDT,71.9
2015-05-09 06:53:51.602 EDT,72.1
2015-05-09 06:37:51.701 EDT,71.7
2015-05-09 06:21:51.431 EDT,71.8
2015-05-09 06:13:51.570 EDT,72.1
2015-05-09 06:05:51.566 EDT,72.3
2015-05-09 05:41:51.594 EDT,72.1
2015-05-09 05:17:51.679 EDT,72.3
2015-05-09 05:17:51.498 EDT,72.3
2015-05-09 05:09:51.624 EDT,72.6
2015-05-09 05:01:51.536 EDT,72.3
2015-05-09 04:37:51.558 EDT,72.7
2015-05-09 04:29:51.499 EDT,72.5
2015-05-09 04:13:51.628 EDT,72.7
2015-05-09 04:05:51.625 EDT,72.8
2015-05-09 03:57:51.577 EDT,73.2
2015-05-09 03:41:51.653 EDT,73
2015-05-09 03:33:51.968 EDT,73.1
2015-05-09 03:17:51.505 EDT,73.2
2015-05-09 03:09:51.552 EDT,73.3
2015-05-09 03:09:51.530 EDT,73.3
2015-05-09 03:01:51.706 EDT,73.7
2015-05-09 02:53:51.638 EDT,73.5
2015-05-09 02:45:51.450 EDT,73.7
2015-05-09 02:37:51.651 EDT,73.6
2015-05-09 02:37:51.608 EDT,73.6
2015-05-09 02:29:51.627 EDT,73.7
2015-05-09 02:21:51.588 EDT,73.9
2015-05-09 02:13:51.748 EDT,74.3
2015-05-09 02:05:51.551 EDT,74.1
2015-05-09 01:57:51.656 EDT,74.2
2015-05-09 01:49:51.517 EDT,74.6
2015-05-09 01:41:51.613 EDT,74.4
2015-05-09 01:33:51.503 EDT,74.5
2015-05-09 01:17:51.671 EDT,74.6
2015-05-09 01:09:51.620 EDT,74.8
2015-05-09 01:01:51.574 EDT,74.9
2015-05-09 00:53:51.667 EDT,75
2015-05-09 00:45:51.842 EDT,75.2
2015-05-09 00:37:51.524 EDT,75.7
2015-05-09 00:29:51.648 EDT,75.2
2015-05-09 00:13:51.663 EDT,75.5
2015-05-08 23:49:52.126 EDT,75.7
2015-05-08 23:41:51.864 EDT,75.8
2015-05-08 23:25:51.886 EDT,75.9
2015-05-08 23:17:52.073 EDT,76.1
2015-05-08 23:09:51.835 EDT,76.2
2015-05-08 23:01:52.097 EDT,76.3
2015-05-08 22:53:51.827 EDT,76.4
2015-05-08 22:45:51.925 EDT,76.5
2015-05-08 22:13:52.080 EDT,77
2015-05-08 22:05:51.120 EDT,77.2
2015-05-08 21:57:51.394 EDT,77.4
2015-05-08 21:49:51.145 EDT,77.5
2015-05-08 21:33:51.652 EDT,77.8
2015-05-08 21:25:50.986 EDT,78.2
2015-05-08 21:09:50.955 EDT,78.3
2015-05-08 21:01:51.210 EDT,78.9
2015-05-08 20:37:51.214 EDT,79.2
2015-05-08 20:21:51.376 EDT,79.6
2015-05-08 20:13:51.346 EDT,79.8
2015-05-08 20:05:51.256 EDT,79.9
2015-05-08 19:57:51.323 EDT,80.1
2015-05-08 19:49:51.286 EDT,80.2
2015-05-08 19:41:51.461 EDT,80.4
2015-05-08 19:33:51.612 EDT,80.6
2015-05-08 19:25:51.480 EDT,80.5
2015-05-08 19:17:51.367 EDT,80.8
2015-05-08 19:09:51.314 EDT,81
2015-05-08 19:01:51.390 EDT,80.8
2015-05-08 18:53:51.649 EDT,81
2015-05-08 18:37:51.314 EDT,80.8
2015-05-08 18:05:51.399 EDT,80.9
2015-05-08 17:57:51.525 EDT,81
2015-05-08 17:49:51.359 EDT,81.2
2015-05-08 17:41:51.368 EDT,81
2015-05-08 17:17:51.503 EDT,80.8
2015-05-08 17:01:51.300 EDT,80.7
2015-05-08 16:45:51.254 EDT,80.5
2015-05-08 16:37:51.382 EDT,80.7
2015-05-08 16:29:51.403 EDT,80.3
2015-05-08 16:21:51.390 EDT,80.4
2015-05-08 16:13:51.416 EDT,80.2
2015-05-08 16:05:50.980 EDT,80
2015-05-08 15:57:51.408 EDT,79.9
2015-05-08 15:49:51.352 EDT,79.8
2015-05-08 15:41:51.365 EDT,79.9
2015-05-08 15:33:51.397 EDT,79.7
2015-05-08 15:25:51.359 EDT,79.5
2015-05-08 15:17:51.355 EDT,79.4
2015-05-08 15:09:51.390 EDT,79.3
2015-05-08 14:53:51.529 EDT,79.1
2015-05-08 14:37:51.417 EDT,79.2
2015-05-08 14:29:51.461 EDT,78.8
2015-05-08 14:13:51.444 EDT,78.7
2015-05-08 13:57:51.584 EDT,78.5
2015-05-08 13:49:51.431 EDT,78.4
2015-05-08 13:41:51.410 EDT,78.1
2015-05-08 13:25:51.591 EDT,78
2015-05-08 13:17:51.242 EDT,78.2
2015-05-08 13:09:51.262 EDT,77.7
2015-05-08 13:01:51.500 EDT,77.8
2015-05-08 12:53:51.503 EDT,77.5
2015-05-08 12:45:51.430 EDT,77.3
2015-05-08 12:37:51.317 EDT,77.5
2015-05-08 12:29:51.499 EDT,77.2
2015-05-08 12:21:51.479 EDT,77.1
2015-05-08 12:13:51.339 EDT,77
2015-05-08 11:57:51.525 EDT,76.6
2015-05-08 11:49:51.408 EDT,76.7
2015-05-08 11:41:51.711 EDT,76.8
2015-05-08 11:33:51.492 EDT,76.2
2015-05-08 11:25:51.354 EDT,76.1
2015-05-08 11:17:51.490 EDT,76
2015-05-08 11:09:50.572 EDT,75.8
2015-05-08 10:53:50.389 EDT,75.5
2015-05-08 10:45:50.441 EDT,75.1
2015-05-08 10:37:50.507 EDT,74.7
2015-05-08 10:29:50.572 EDT,74.6
2015-05-08 10:21:50.488 EDT,74.4
2015-05-08 10:13:50.373 EDT,74.1
2015-05-08 10:05:50.534 EDT,73.7
2015-05-08 09:57:50.406 EDT,73.5
2015-05-08 09:49:50.368 EDT,73.4
2015-05-08 09:41:43.526 EDT,73.3
2015-05-08 09:33:38.541 EDT,73
2015-05-08 09:25:27.118 EDT,72.4
2015-05-08 09:17:26.998 EDT,72
2015-05-08 09:17:26.981 EDT,72
2015-05-08 09:09:24.933 EDT,71.7
2015-05-08 09:01:19.507 EDT,71.9
2015-05-08 08:53:15.568 EDT,71.4
2015-05-08 08:45:10.578 EDT,71
2015-05-08 08:37:08.680 EDT,71.2
2015-05-08 08:29:01.932 EDT,70.8
2015-05-08 08:20:57.993 EDT,70.6
2015-05-08 08:12:54.282 EDT,70.7
2015-05-08 08:04:50.090 EDT,70.2
2015-05-08 07:56:44.027 EDT,70
2015-05-08 07:40:41.401 EDT,69.9
2015-05-08 07:32:41.451 EDT,70.1
2015-05-08 07:24:41.563 EDT,69.9
2015-05-08 07:16:41.739 EDT,69.8
2015-05-08 07:08:41.253 EDT,70
2015-05-08 07:08:41.157 EDT,70
2015-05-08 07:00:40.983 EDT,70.1
2015-05-08 06:36:41.262 EDT,69.9
2015-05-08 06:28:40.896 EDT,70.1
2015-05-08 06:12:41.105 EDT,70.2
2015-05-08 06:04:41.028 EDT,70.4
2015-05-08 05:56:41.069 EDT,70.5
2015-05-08 05:48:40.878 EDT,70.3
2015-05-08 05:40:40.906 EDT,70.5
2015-05-08 05:24:41.157 EDT,70.6
2015-05-08 05:16:41.160 EDT,70.7
2015-05-08 05:08:41.175 EDT,71
2015-05-08 05:00:41.056 EDT,71.2
2015-05-08 04:44:41.140 EDT,71
2015-05-08 04:36:41.040 EDT,71.1
2015-05-08 04:20:40.930 EDT,71.4
2015-05-08 04:12:41.081 EDT,71.3
2015-05-08 04:04:41.069 EDT,71.4
2015-05-08 03:56:41.252 EDT,71.5
2015-05-08 03:48:41.030 EDT,71.8
2015-05-08 03:40:40.960 EDT,71.7
2015-05-08 03:32:40.978 EDT,71.9
2015-05-08 03:16:41.804 EDT,72
2015-05-08 03:08:40.988 EDT,71.9
2015-05-08 02:52:41.126 EDT,72.1
2015-05-08 02:44:41.082 EDT,72.2
2015-05-08 02:36:40.977 EDT,72.3
2015-05-08 02:28:41.145 EDT,72.4
2015-05-08 02:12:41.210 EDT,72.5
2015-05-08 02:04:41.091 EDT,72.6
2015-05-08 01:56:41.095 EDT,72.7
2015-05-08 01:48:40.997 EDT,72.8
2015-05-08 01:40:41.153 EDT,73
2015-05-08 01:32:41.203 EDT,72.9
2015-05-08 01:24:41.157 EDT,73
2015-05-08 01:16:41.053 EDT,73.4
2015-05-08 01:08:41.221 EDT,73.2
2015-05-08 01:00:41.070 EDT,73.4
2015-05-08 00:52:41.298 EDT,73.7
2015-05-08 00:44:41.431 EDT,73.8
2015-05-08 00:36:41.148 EDT,73.6
2015-05-08 00:12:41.176 EDT,73.9
2015-05-08 00:04:41.183 EDT,74.3
2015-05-07 23:56:41.068 EDT,74.1
2015-05-07 23:48:41.258 EDT,74.5
2015-05-07 23:40:41.156 EDT,74.6
2015-05-07 23:32:41.459 EDT,74.5
2015-05-07 23:24:41.306 EDT,74.8
2015-05-07 23:16:41.134 EDT,74.9
2015-05-07 23:08:39.367 EDT,75
2015-05-07 23:00:35.552 EDT,75.3
2015-05-07 22:28:29.418 EDT,75.2
2015-05-07 22:20:28.254 EDT,75.4
2015-05-07 22:12:28.437 EDT,75.6
2015-05-07 22:04:28.506 EDT,75.7
2015-05-07 22:04:28.410 EDT,75.7
2015-05-07 21:56:28.458 EDT,75.8
2015-05-07 21:48:28.733 EDT,76
2015-05-07 21:40:28.537 EDT,76.1
2015-05-07 21:32:28.689 EDT,76.2
2015-05-07 21:16:28.740 EDT,76.4
2015-05-07 21:08:28.537 EDT,76.6
2015-05-07 21:00:28.627 EDT,76.7
2015-05-07 20:52:28.877 EDT,76.8
2015-05-07 20:52:28.872 EDT,76.8
2015-05-07 20:44:28.484 EDT,77.2
2015-05-07 20:36:28.349 EDT,77.1
2015-05-07 20:28:29.009 EDT,77.3
2015-05-07 20:20:28.802 EDT,77.4
2015-05-07 20:12:28.805 EDT,77.5
2015-05-07 20:04:28.842 EDT,77.6
2015-05-07 19:48:28.781 EDT,78
2015-05-07 19:40:28.913 EDT,78.1
2015-05-07 19:32:28.771 EDT,78.6
2015-05-07 19:24:28.813 EDT,78.8
2015-05-07 19:16:28.805 EDT,78.5
2015-05-07 19:08:28.800 EDT,78.7
2015-05-07 19:00:28.806 EDT,78.8
2015-05-07 18:52:29.057 EDT,78.9
2015-05-07 18:44:28.214 EDT,79.3
2015-05-07 18:36:24.930 EDT,79.4
2015-05-07 18:28:20.319 EDT,80
2015-05-07 18:20:14.975 EDT,79.3
2015-05-07 18:12:11.001 EDT,79.8
2015-05-07 18:04:16.086 EDT,79.3
2015-05-07 17:56:00.434 EDT,79.8
2015-05-07 17:31:45.253 EDT,79.4
2015-05-07 17:15:34.343 EDT,78.9
2015-05-07 17:07:33.203 EDT,79.1
2015-05-07 16:51:30.411 EDT,78.8
2015-05-07 16:43:30.368 EDT,78.5
2015-05-07 16:35:30.255 EDT,78.7
2015-05-07 16:27:30.391 EDT,78.8
2015-05-07 16:11:29.396 EDT,78.3
2015-05-07 15:55:29.434 EDT,78.2
2015-05-07 15:39:29.158 EDT,77.9
2015-05-07 15:31:29.395 EDT,78
2015-05-07 15:15:28.416 EDT,77.9
2015-05-07 15:07:22.217 EDT,77.6
2015-05-07 14:59:14.229 EDT,77.9
2015-05-07 14:51:09.799 EDT,77.3
2015-05-07 14:51:09.790 EDT,77.3
2015-05-07 14:43:05.342 EDT,77.1
2015-05-07 14:35:01.330 EDT,76.8
2015-05-07 14:27:00.688 EDT,77
2015-05-07 14:10:56.353 EDT,76.6
2015-05-07 14:02:53.282 EDT,76.4
2015-05-07 13:46:49.392 EDT,76.1
2015-05-07 13:38:48.366 EDT,75.7
2015-05-07 13:30:46.246 EDT,75.9
2015-05-07 13:22:43.336 EDT,75.3
2015-05-07 13:14:40.286 EDT,75.2
2015-05-07 13:06:39.291 EDT,75
2015-05-07 12:58:35.412 EDT,75.1
2015-05-07 12:50:32.844 EDT,74.8
2015-05-07 12:42:27.410 EDT,74.5
2015-05-07 12:34:27.410 EDT,74.6
2015-05-07 12:18:27.445 EDT,74.3
2015-05-07 12:10:29.009 EDT,74.2
2015-05-07 12:02:27.476 EDT,73.7
2015-05-07 11:54:26.384 EDT,73.5
2015-05-07 11:46:26.314 EDT,73.4
2015-05-07 11:38:26.449 EDT,73.2
2015-05-07 11:30:26.317 EDT,72.9
2015-05-07 11:22:34.378 EDT,72.8
2015-05-07 11:14:26.309 EDT,72.5
2015-05-07 11:06:26.409 EDT,72.2
2015-05-07 10:58:26.453 EDT,71.9
2015-05-07 10:50:26.503 EDT,71.8
2015-05-07 10:42:26.338 EDT,71.4
2015-05-07 10:34:26.351 EDT,71.1
2015-05-07 10:26:26.590 EDT,71
2015-05-07 10:18:26.477 EDT,70.6
2015-05-07 10:10:26.402 EDT,70.3
2015-05-07 10:02:26.481 EDT,70.1
2015-05-07 09:54:26.362 EDT,69.7
2015-05-07 09:46:26.492 EDT,69.6
2015-05-07 09:38:26.661 EDT,69.5
2015-05-07 09:22:26.392 EDT,69.3
2015-05-07 09:14:26.540 EDT,69.2
2015-05-07 09:06:26.516 EDT,68.8
2015-05-07 08:50:26.383 EDT,69
2015-05-07 08:34:26.407 EDT,68.9
2015-05-07 08:26:26.574 EDT,68.8
2015-05-07 08:10:27.056 EDT,68.9
2015-05-07 08:10:26.882 EDT,68.9
2015-05-07 08:02:26.658 EDT,68.7
2015-05-07 07:46:26.556 EDT,68.9
2015-05-07 07:30:26.580 EDT,68.8
2015-05-07 07:22:41.372 EDT,69.1
2015-05-07 07:14:31.240 EDT,69.2
2015-05-07 06:50:26.466 EDT,68.9
2015-05-07 06:42:26.668 EDT,69
2015-05-07 06:34:26.487 EDT,69.1
2015-05-07 06:02:26.620 EDT,69.3
2015-05-07 05:54:26.499 EDT,69.4
2015-05-07 05:46:26.421 EDT,69.5
2015-05-07 05:38:26.510 EDT,69.6
2015-05-07 05:30:26.429 EDT,69.8
2015-05-07 04:58:26.409 EDT,69.9
2015-05-07 04:50:26.423 EDT,70.1
2015-05-07 04:42:26.473 EDT,70.2
2015-05-07 04:34:29.464 EDT,70.3
2015-05-07 04:18:26.554 EDT,70.6
2015-05-07 04:10:26.564 EDT,70.8
2015-05-07 04:02:26.506 EDT,70.6
2015-05-07 03:54:26.714 EDT,70.8
2015-05-07 03:46:26.442 EDT,71
2015-05-07 03:38:26.607 EDT,71.4
2015-05-07 03:30:26.577 EDT,71
2015-05-07 03:06:26.861 EDT,71.3
2015-05-07 03:06:26.792 EDT,71.3
2015-05-07 02:58:26.731 EDT,71.4
2015-05-07 02:50:26.442 EDT,71.7
2015-05-07 02:26:26.649 EDT,71.8
2015-05-07 02:10:26.486 EDT,71.9
2015-05-07 02:02:26.464 EDT,72.1
2015-05-07 01:54:26.590 EDT,72.3
2015-05-07 01:46:26.583 EDT,72.6
2015-05-07 01:30:30.637 EDT,72.5
2015-05-07 01:22:26.659 EDT,72.6
2015-05-07 01:14:26.508 EDT,72.8
2015-05-07 00:58:26.693 EDT,73.2
2015-05-07 00:50:26.684 EDT,73.1
2015-05-07 00:42:26.652 EDT,73.5
2015-05-07 00:34:27.505 EDT,73.9
2015-05-07 00:26:26.797 EDT,73.6
2015-05-07 00:18:32.980 EDT,73.9
2015-05-07 00:10:26.740 EDT,73.7
2015-05-07 00:02:26.932 EDT,73.8
2015-05-06 23:54:26.839 EDT,73.9
2015-05-06 23:46:26.684 EDT,74.3
2015-05-06 23:38:26.938 EDT,74.1
2015-05-06 23:30:26.869 EDT,74.3
2015-05-06 23:22:26.671 EDT,74.7
2015-05-06 23:06:26.640 EDT,74.8
2015-05-06 22:58:27.226 EDT,75.2
2015-05-06 22:50:27.282 EDT,74.9
2015-05-06 22:42:27.346 EDT,75
2015-05-06 22:34:28.094 EDT,75.3
2015-05-06 22:18:26.936 EDT,75.5
2015-05-06 22:10:27.069 EDT,75.7
2015-05-06 22:02:26.877 EDT,75.8
2015-05-06 21:54:27.015 EDT,76.2
2015-05-06 21:46:36.346 EDT,76.3
2015-05-06 21:38:29.585 EDT,76.2
2015-05-06 21:30:27.320 EDT,76.4
2015-05-06 21:22:26.970 EDT,76.6
2015-05-06 21:14:26.893 EDT,76.8
2015-05-06 21:06:31.080 EDT,77.2
2015-05-06 20:42:26.971 EDT,77.4
2015-05-06 20:34:27.239 EDT,77.6
2015-05-06 20:26:30.004 EDT,77.8
2015-05-06 20:18:30.510 EDT,78.1
2015-05-06 20:10:26.846 EDT,78.2
2015-05-06 19:54:27.104 EDT,78.5
2015-05-06 19:46:27.270 EDT,78.7
2015-05-06 19:38:27.298 EDT,78.9
2015-05-06 19:30:41.603 EDT,79.3
2015-05-06 19:22:26.944 EDT,79.4
2015-05-06 19:14:27.163 EDT,79.3
2015-05-06 19:06:27.885 EDT,79.4
2015-05-06 18:58:27.170 EDT,79.9
2015-05-06 18:42:27.296 EDT,80
2015-05-06 18:34:27.152 EDT,80.1
2015-05-06 18:18:27.093 EDT,80
2015-05-06 18:10:27.430 EDT,80.3
2015-05-06 18:02:27.259 EDT,80.2
2015-05-06 17:54:27.194 EDT,80.3
2015-05-06 17:46:27.233 EDT,80.5
2015-05-06 17:38:27.029 EDT,80.7
2015-05-06 17:30:27.209 EDT,80.6
2015-05-06 17:22:26.935 EDT,80.7
2015-05-06 17:14:24.262 EDT,80.5
2015-05-06 17:06:24.191 EDT,80.4
2015-05-06 16:50:23.651 EDT,80.7
2015-05-06 16:42:23.470 EDT,80.5
2015-05-06 16:10:23.235 EDT,80.4
2015-05-06 16:02:23.387 EDT,80.6
2015-05-06 15:54:23.219 EDT,80.5
2015-05-06 15:46:23.378 EDT,80.3
2015-05-06 15:38:23.231 EDT,80.2
2015-05-06 15:30:23.490 EDT,80.1
2015-05-06 15:22:23.311 EDT,80
2015-05-06 15:14:23.413 EDT,80.1
2015-05-06 15:06:23.374 EDT,80
2015-05-06 14:58:23.380 EDT,79.5
2015-05-06 14:50:23.380 EDT,79.8
2015-05-06 14:42:23.289 EDT,79.3
2015-05-06 14:34:23.175 EDT,79.2
2015-05-06 14:18:23.251 EDT,79
2015-05-06 14:10:23.371 EDT,78.7
2015-05-06 13:54:23.313 EDT,78.5
2015-05-06 13:46:23.357 EDT,78.3
2015-05-06 13:38:23.330 EDT,78.4
2015-05-06 13:30:23.194 EDT,78.2
2015-05-06 13:22:23.342 EDT,77.9
2015-05-06 13:14:23.197 EDT,78.1
2015-05-06 13:06:24.459 EDT,77.7
2015-05-06 12:58:23.405 EDT,77.9
2015-05-06 12:50:23.661 EDT,77.6
2015-05-06 12:42:23.103 EDT,77.4
2015-05-06 12:34:23.039 EDT,77.3
2015-05-06 12:26:25.429 EDT,77.2
2015-05-06 12:18:23.129 EDT,77.1
2015-05-06 12:02:23.036 EDT,76.9
2015-05-06 11:46:23.106 EDT,76.7
2015-05-06 11:46:23.042 EDT,76.7
2015-05-06 11:30:24.139 EDT,76.2
2015-05-06 11:22:23.474 EDT,76
2015-05-06 11:14:23.160 EDT,75.7
2015-05-06 11:06:23.378 EDT,75.5
2015-05-06 10:58:23.056 EDT,75.2
2015-05-06 10:42:23.327 EDT,75
2015-05-06 10:34:23.260 EDT,74.6
2015-05-06 10:26:22.937 EDT,74.3
2015-05-06 10:18:23.224 EDT,74.1
2015-05-06 10:10:23.009 EDT,73.7
2015-05-06 10:02:23.065 EDT,73.6
